id,title,subject,topic,difficulty,duration_minutes,url,description,program
1,Introduction to Arrays,DSA,Arrays,Easy,28,https://www.youtube.com/watch?v=n60Dn0UsbEk,Covers array basics including declaration initialization traversal and common operations. Teaches 1D and 2D arrays with hands-on examples for beginners.,"CS,SE,DS"
2,Array Rotation and Reversal Techniques,DSA,Arrays,Easy,32,https://www.youtube.com/watch?v=3OamzN90kPg,Explains left and right rotation of arrays reversal algorithms and in-place manipulation. Focuses on time complexity analysis of each approach.,"CS,SE,DS"
3,Sliding Window Technique on Arrays,DSA,Arrays,Medium,45,https://www.youtube.com/watch?v=EHCGAZBbB88,Teaches the sliding window pattern for solving subarray problems including maximum sum subarray and fixed window problems with step-by-step walkthroughs.,"CS,SE,DS"
4,Two Pointer Approach for Arrays,DSA,Arrays,Medium,40,https://www.youtube.com/watch?v=On03HWe2tZM,Covers the two-pointer technique for problems like pair sum sorted array merging and removing duplicates. Explains optimal time and space complexity.,"CS,SE,DS"
5,Kadane's Algorithm - Maximum Subarray Sum,DSA,Arrays,Medium,38,https://www.youtube.com/watch?v=86CQq3pKSUw,Detailed walkthrough of Kadane's algorithm for finding the maximum sum contiguous subarray. Includes proof of correctness and edge case handling.,"CS,SE,DS"
6,Introduction to Linked Lists,DSA,Linked Lists,Easy,35,https://www.youtube.com/watch?v=dmb1i4oN5oE,Introduces singly linked lists with node structure creation insertion and deletion. Compares linked lists with arrays and discusses memory allocation.,"CS,SE,DS"
7,Doubly Linked List Operations,DSA,Linked Lists,Easy,42,https://www.youtube.com/watch?v=e9NG_a2Z0e8,Covers doubly linked list creation bidirectional traversal insertion at head tail and middle and deletion. Explains pointer manipulation in detail.,"CS,SE,DS"
8,Circular Linked List Concepts,DSA,Linked Lists,Medium,38,https://www.youtube.com/watch?v=HKfj0l7ndbc,Explains circular linked lists with both singly and doubly circular variants. Covers traversal insertion and deletion with real-world use cases like round-robin scheduling.,"CS,SE,DS"
9,Linked List Reversal Techniques,DSA,Linked Lists,Medium,40,https://www.youtube.com/watch?v=D2vI2DNJGd8,Teaches iterative and recursive reversal of linked lists. Includes reversing in groups K-reversal and partial reversal with complexity analysis.,"CS,SE,DS"
10,Detecting and Removing Cycles in Linked Lists,DSA,Linked Lists,Hard,50,https://www.youtube.com/watch?v=QfbvxJe6PlY,Covers Floyd's cycle detection algorithm for linked lists finding the start of the loop removing the cycle and proving the algorithm mathematically.,"CS,SE,DS"
11,Introduction to Stacks,DSA,Stacks,Easy,30,https://www.youtube.com/watch?v=I37kGX-nZEI,Introduces stack data structure with LIFO principle push pop peek operations and implementations using arrays and linked lists for beginners.,"CS,SE,DS"
12,Stack Applications - Balanced Parentheses and Expression Evaluation,DSA,Stacks,Medium,45,https://www.youtube.com/watch?v=C6MX5u7r72E,Covers practical stack applications including balanced bracket checking infix to postfix conversion and postfix expression evaluation with examples.,"CS,SE,DS"
13,Monotonic Stack Problems,DSA,Stacks,Hard,52,https://www.youtube.com/watch?v=Dq_ObZwTY_Q,Teaches monotonic stack patterns for problems like next greater element stock span problem largest rectangle in histogram with optimal O(n) solutions.,"CS,SE,DS"
14,Introduction to Queues,DSA,Queues,Easy,28,https://www.youtube.com/watch?v=zp6pBNbUB2U,Covers queue fundamentals with FIFO principle enqueue dequeue front rear operations and implementations using arrays and circular arrays.,"CS,SE,DS"
15,Deque and Priority Queue,DSA,Queues,Medium,42,https://www.youtube.com/watch?v=A3ZUpyrnCbM,Explains double-ended queue and priority queue concepts with heaps. Covers applications in sliding window maximum problem and task scheduling.,"CS,SE,DS"
16,Queue Using Stacks and Stack Using Queues,DSA,Queues,Medium,38,https://www.youtube.com/watch?v=7ArHz8jPglw,Teaches how to implement a queue using two stacks and vice versa with amortized complexity analysis and comparison of both approaches.,"CS,SE,DS"
17,Recursion Basics and Base Cases,DSA,Recursion,Easy,35,https://www.youtube.com/watch?v=yVdKa8dnKiE,Explains recursion fundamentals recursive functions base conditions recursive calls and the call stack. Covers factorial Fibonacci and power examples.,"CS,SE,DS"
18,Recursion vs Iteration - When to Use What,DSA,Recursion,Easy,30,https://www.youtube.com/watch?v=HXNhEYqFo0o,Compares recursive and iterative solutions in terms of readability space complexity and performance. Uses sorting tree traversal and Fibonacci as examples.,"CS,SE,DS"
19,Recursion Practice Problems - Backtracking Introduction,DSA,Recursion,Medium,50,https://www.youtube.com/watch?v=DKCbsiDBN6c,Covers recursion-based problems including string permutations subsets and introduces backtracking for constraint satisfaction problems.,"CS,SE,DS"
20,Binary Tree Introduction and Traversals,DSA,Trees,Easy,40,https://www.youtube.com/watch?v=1XC3p2zBK34,Introduces binary tree node structure with inorder preorder and postorder traversals both recursive and iterative. Covers level order traversal using queues.,"CS,SE,DS"
21,Binary Search Tree - Insertion Search and Deletion,DSA,Trees,Medium,48,https://www.youtube.com/watch?v=COZK7NATh4k,Explains BST properties insertion search and deletion operations with detailed case analysis for deletion including leaf node one-child and two-child scenarios.,"CS,SE,DS"
22,BST Validation and Balancing Concepts,DSA,Trees,Medium,42,https://www.youtube.com/watch?v=yEwSGhSsT0U,Covers how to validate a BST using inorder traversal and range checking. Introduces AVL tree rotations and height-balanced BST properties.,"CS,SE,DS"
23,Height Diameter and LCA in Binary Trees,DSA,Trees,Medium,45,https://www.youtube.com/watch?v=fmflMqVOC7k,Teaches how to find height diameter and lowest common ancestor of binary trees with recursive and iterative approaches and complexity analysis.,"CS,SE,DS"
24,BFS in Graphs - Level Order Graph Traversal,DSA,Graphs,Easy,38,https://www.youtube.com/watch?v=pcKY4hjDrxk,Introduces BFS algorithm for graphs using adjacency list and queue. Covers multi-source BFS shortest path in unweighted graphs and level-by-level exploration.,"CS,SE,DS"
25,DFS in Graphs - Depth First Search,DSA,Graphs,Easy,35,https://www.youtube.com/watch?v=Qzf1a--rhp8,Explains DFS algorithm recursively and iteratively for graph traversal. Covers visited tracking component counting and DFS tree structure.,"CS,SE,DS"
26,Shortest Path Algorithms - Dijkstra,DSA,Graphs,Hard,60,https://www.youtube.com/watch?v=GazC3A4OQTE,Covers Dijkstra's algorithm for single-source shortest path in weighted graphs with priority queue implementation time complexity and limitations.,"CS,SE,DS"
27,Shortest Path - Bellman Ford and Floyd Warshall,DSA,Graphs,Hard,65,https://www.youtube.com/watch?v=FtN3BYH2Zes,Explains Bellman-Ford for graphs with negative edges and Floyd-Warshall for all-pairs shortest paths with dynamic programming formulation and complexity analysis.,"CS,SE,DS"
28,Topological Sort and DAG Applications,DSA,Graphs,Medium,45,https://www.youtube.com/watch?v=dis_c84ejhQ,Teaches topological sorting using DFS-based approach and Kahn's BFS algorithm. Covers applications in build systems course scheduling and dependency resolution.,"CS,SE,DS"
29,Cycle Detection in Directed and Undirected Graphs,DSA,Graphs,Medium,42,https://www.youtube.com/watch?v=0dJmTuMrCbQ,Explains cycle detection techniques using DFS with color marking for directed graphs and union-find or DFS for undirected graphs with practical examples.,"CS,SE,DS"
30,Minimum Spanning Tree - Prim and Kruskal,DSA,Graphs,Hard,58,https://www.youtube.com/watch?v=4ZlRH0eK-qQ,Covers Prim's and Kruskal's algorithms for finding MST. Explains Union-Find data structure for Kruskal and greedy selection in Prim with complexity proofs.,"CS,SE,DS"
31,Bubble Sort and Selection Sort,DSA,Sorting,Easy,30,https://www.youtube.com/watch?v=xli_FI7CuzA,Explains bubble sort and selection sort algorithms with step-by-step visualization. Covers time O(n2) and space O(1) complexity and stability analysis.,"CS,SE,DS"
32,Merge Sort Algorithm,DSA,Sorting,Medium,40,https://www.youtube.com/watch?v=JSceec-wEyw,In-depth walkthrough of merge sort with divide and conquer approach. Covers merging step recursive split time O(n log n) and space complexity with examples.,"CS,SE,DS"
33,Quick Sort and Partition Techniques,DSA,Sorting,Medium,45,https://www.youtube.com/watch?v=PgBzjlCcFvc,Teaches QuickSort with Lomuto and Hoare partition schemes. Covers best average and worst case analysis randomized pivot and practical performance tips.,"CS,SE,DS"
34,Linear Search and Binary Search,DSA,Searching,Easy,28,https://www.youtube.com/watch?v=C46QfTjVCNU,Covers linear and binary search algorithms with conditions for binary search sorted arrays iterative and recursive implementations and time complexity comparison.,"CS,SE,DS"
35,Binary Search on Answer - Advanced Searching,DSA,Searching,Hard,52,https://www.youtube.com/watch?v=GkMJDqEMCfo,Teaches binary search on the answer space for optimization problems like minimum days peak element and search in rotated sorted array with generalized templates.,"CS,SE,DS"
36,ER Model - Entity Relationship Diagram Basics,DBMS,ER Model,Easy,35,https://www.youtube.com/watch?v=QpdhBUYk7Kk,Covers ER model fundamentals including entities attributes relationships cardinality and participation constraints. Teaches how to design ER diagrams for real-world problems.,"CS,IT,SE,DS"
37,ER to Relational Schema Conversion,DBMS,ER Model,Medium,40,https://www.youtube.com/watch?v=V5DyvUfsboA,Explains the systematic conversion of ER diagrams into relational schemas covering strong and weak entities relationships and multivalued attributes.,"CS,IT,SE,DS"
38,Extended ER Model - Generalization Specialization,DBMS,ER Model,Medium,38,https://www.youtube.com/watch?v=pEMsXp7oRCE,Covers enhanced ER concepts including generalization specialization aggregation and their representation in schemas with examples from university and company databases.,"CS,IT,SE,DS"
39,SQL Basics - DDL and DML Commands,DBMS,SQL,Easy,42,https://www.youtube.com/watch?v=HXV3zeQKqGY,Introduces SQL with CREATE ALTER DROP TABLE commands and INSERT UPDATE DELETE SELECT operations. Covers data types constraints and basic query structure.,"CS,IT,SE,DS"
40,SQL SELECT Queries and Filtering,DBMS,SQL,Easy,38,https://www.youtube.com/watch?v=zbMHLJ0dY4w,Covers SELECT with WHERE LIKE BETWEEN IN IS NULL clauses ORDER BY GROUP BY and HAVING. Teaches writing effective filter queries with practical examples.,"CS,IT,SE,DS"
41,SQL Joins - Inner Outer Left Right,DBMS,SQL,Medium,45,https://www.youtube.com/watch?v=9yeOJ0ZMUYw,Explains INNER JOIN LEFT JOIN RIGHT JOIN FULL OUTER JOIN and CROSS JOIN with Venn diagram visualization and multiple real-world query examples.,"CS,IT,SE,DS"
42,SQL Aggregation Functions and GROUP BY,DBMS,SQL,Medium,35,https://www.youtube.com/watch?v=pY0EpCfbMEY,Teaches COUNT SUM AVG MIN MAX aggregate functions with GROUP BY and HAVING clauses. Covers nested aggregations and filtering on grouped results.,"CS,IT,SE,DS"
43,Advanced SQL - Subqueries and Views,DBMS,SQL,Hard,50,https://www.youtube.com/watch?v=m1KcNV-Zhmc,Covers correlated and non-correlated subqueries inline views materialized views and WITH clause CTEs. Explains when to use subqueries versus joins for performance.,"CS,IT,SE,DS"
44,SQL Window Functions and Ranking,DBMS,SQL,Hard,48,https://www.youtube.com/watch?v=Ww71knvhQ-s,Teaches SQL window functions including ROW_NUMBER RANK DENSE_RANK LEAD LAG and PARTITION BY for analytical queries and reporting use cases.,"CS,IT,SE,DS"
45,Database Normalization - 1NF 2NF 3NF,DBMS,Normalization,Easy,45,https://www.youtube.com/watch?v=ABwD8IYByfk,Explains normalization concepts with functional dependencies. Covers 1NF 2NF and 3NF with step-by-step examples of decomposing unnormalized tables.,"CS,IT,SE,DS"
46,BCNF and Higher Normal Forms,DBMS,Normalization,Medium,42,https://www.youtube.com/watch?v=NNjUhvvwOrk,Covers Boyce-Codd Normal Form 4NF and 5NF with examples. Explains when BCNF decomposition may lose dependency preservation and how to handle it.,"CS,IT,SE,DS"
47,Functional Dependencies and Closure,DBMS,Normalization,Medium,38,https://www.youtube.com/watch?v=dR-jJimWWHA,Teaches functional dependencies attribute closure canonical cover and minimal cover. Covers Armstrong's axioms and how to find all valid FDs from given dependencies.,"CS,IT,SE,DS"
48,Database Transactions and ACID Properties,DBMS,Transactions,Easy,35,https://www.youtube.com/watch?v=pomxJOFVcQs,Introduces database transactions with ACID properties atomicity consistency isolation and durability. Covers COMMIT ROLLBACK SAVEPOINT with banking transfer examples.,"CS,IT,SE,DS"
49,Concurrency Control - Locks and Protocols,DBMS,Transactions,Medium,48,https://www.youtube.com/watch?v=J7fJl5rWEMk,Explains concurrency problems like dirty read lost update and phantom reads. Covers shared exclusive locks two-phase locking protocol and deadlock handling.,"CS,IT,SE,DS"
50,Transaction Isolation Levels,DBMS,Transactions,Medium,40,https://www.youtube.com/watch?v=4EajrPgJAk0,Covers READ UNCOMMITTED READ COMMITTED REPEATABLE READ and SERIALIZABLE isolation levels. Explains which anomalies each level prevents with practical database examples.,"CS,IT,SE,DS"
51,Database Indexing - Concepts and Types,DBMS,Indexing,Easy,38,https://www.youtube.com/watch?v=ITcOiLSfVJQ,Introduces database indexing with dense and sparse indexes ordered indexes and hash indexes. Explains how indexes speed up queries and their overhead on write operations.,"CS,IT,SE,DS"
52,B-Tree and B+ Tree Indexing,DBMS,Indexing,Medium,45,https://www.youtube.com/watch?v=aZjYr87r1b8,Covers B-Tree and B+ Tree structure for database indexing with insertion deletion and search operations. Explains why B+ Trees are preferred in RDBMS.,"CS,IT,SE,DS"
53,Clustered vs Non-Clustered Index and Query Optimization,DBMS,Indexing,Hard,50,https://www.youtube.com/watch?v=PzC7T1Jw4UU,Explains clustered and non-clustered indexes composite indexes and covering indexes. Covers query plan analysis EXPLAIN output and when to add or avoid indexes.,"CS,IT,SE,DS"
54,Hashing in DBMS - Static and Dynamic Hashing,DBMS,Indexing,Medium,42,https://www.youtube.com/watch?v=KI_3DKlLFVo,Covers hashing for file organization including static hashing collision handling linear probing and dynamic hashing with extendible and linear hashing techniques.,"CS,IT,SE,DS"
55,File Organization in DBMS,DBMS,Indexing,Medium,35,https://www.youtube.com/watch?v=wQ5fyF3sKLQ,Teaches heap sequential hash and clustered file organization methods. Compares access patterns insertion cost and suitable use cases for each file organization type.,"CS,IT,SE,DS"
56,Introduction to Operating Systems and System Calls,OS,Processes,Easy,32,https://www.youtube.com/watch?v=vBURTt97EkA,Introduces OS concepts including kernel vs user mode system calls and OS services. Covers types of operating systems and the role of OS in resource management.,"CS,IT,SE"
57,Process Management and PCB,OS,Processes,Easy,38,https://www.youtube.com/watch?v=OrM7nZcxXZU,Covers process lifecycle states PCB structure context switching and process creation with fork. Explains inter-process communication mechanisms like pipes and shared memory.,"CS,IT,SE"
58,Threads vs Processes - Multithreading,OS,Threads,Easy,35,https://www.youtube.com/watch?v=7EN_1i7WkUE,Explains the difference between processes and threads with shared memory model user-level vs kernel-level threads and advantages of multithreading for performance.,"CS,IT,SE"
59,Thread Synchronization - Mutex and Semaphores,OS,Threads,Medium,45,https://www.youtube.com/watch?v=DvLyzPHGFp0,Teaches thread synchronization problems including race conditions critical section mutex locks and semaphores. Covers the producer-consumer and readers-writers problems.,"CS,IT,SE"
60,CPU Scheduling Algorithms - FCFS SJF Round Robin,OS,Scheduling,Easy,48,https://www.youtube.com/watch?v=EWkQl0n0w5M,Covers major CPU scheduling algorithms including FCFS SJF SRTF and Round Robin with Gantt charts waiting time turnaround time calculations and comparison.,"CS,IT,SE"
61,Priority Scheduling and Multilevel Queue Scheduling,OS,Scheduling,Medium,42,https://www.youtube.com/watch?v=W7I3oiXPoIU,Explains priority-based scheduling with preemptive and non-preemptive variants starvation and aging. Covers multilevel queue and multilevel feedback queue scheduling.,"CS,IT,SE"
62,Deadlock Detection Prevention and Avoidance,OS,Deadlocks,Medium,50,https://www.youtube.com/watch?v=UVo9mGARkhQ,Covers the four necessary conditions for deadlock detection algorithms resource allocation graph and banker's algorithm for deadlock avoidance with examples.,"CS,IT,SE"
63,Deadlock Recovery and Handling Strategies,OS,Deadlocks,Hard,40,https://www.youtube.com/watch?v=C2a7NhM9bHM,Explains deadlock recovery through process termination and resource preemption. Compares all four deadlock handling strategies with trade-offs and practical OS usage.,"CS,IT,SE"
64,Memory Management - Paging and Segmentation,OS,Memory Management,Medium,52,https://www.youtube.com/watch?v=qlH4-oHnBb8,Covers paging mechanism with page tables TLB address translation and segmentation. Explains logical vs physical address space and memory protection techniques.,"CS,IT,SE"
65,Virtual Memory and Page Replacement Algorithms,OS,Memory Management,Hard,55,https://www.youtube.com/watch?v=qlH4-oHnBb8,Teaches virtual memory concepts demand paging page faults and page replacement algorithms including FIFO LRU LFU Optimal with Belady's anomaly and performance analysis.,"CS,IT,SE"
66,Memory Allocation Strategies - Fixed and Dynamic Partitioning,OS,Memory Management,Medium,38,https://www.youtube.com/watch?v=7aemTreef9M,Covers fixed and dynamic memory partitioning strategies first fit best fit and worst fit algorithms internal vs external fragmentation and compaction techniques.,"CS,IT,SE"
67,Cache Memory and Memory Hierarchy,OS,Memory Management,Medium,35,https://www.youtube.com/watch?v=0z3weMRhNNA,Explains memory hierarchy from registers to cache RAM and disk. Covers cache levels hit ratio locality of reference and impact of cache on program performance.,"CS,IT,SE"
68,File Systems and Disk Scheduling,OS,Memory Management,Hard,48,https://www.youtube.com/watch?v=HbgzrKJvDg8,Covers file system structure directory organization inode FAT NTFS and disk scheduling algorithms FCFS SSTF SCAN C-SCAN with seek time calculations.,"CS,IT,SE"
69,OSI Model - Seven Layers Explained,CN,OSI,Easy,40,https://www.youtube.com/watch?v=vv4y_uOneC0,Explains all seven layers of the OSI model with functions protocols and data units at each layer. Uses real-world analogies and packet flow examples to clarify layer interactions.,"CS,IT"
70,OSI vs TCP/IP Model Comparison,CN,OSI,Easy,32,https://www.youtube.com/watch?v=F5rni9fr1yE,Compares OSI and TCP/IP reference models layer by layer. Covers why TCP/IP is the practical standard and how OSI layers map to TCP/IP layers with protocol examples.,"CS,IT"
71,Physical and Data Link Layer Protocols,CN,OSI,Medium,42,https://www.youtube.com/watch?v=d6mY1F3YHhE,Covers physical layer encoding and transmission and data link layer framing error detection CRC MAC addressing and flow control protocols like Stop-and-Wait.,"CS,IT"
72,TCP/IP Protocol Suite Overview,CN,TCP/IP,Easy,38,https://www.youtube.com/watch?v=PpsEaqJV_A0,Introduces the TCP/IP protocol stack with Ethernet IP TCP UDP and application layer protocols. Explains how data flows through layers during internet communication.,"CS,IT"
73,TCP vs UDP - Comparison and Use Cases,CN,TCP/IP,Easy,30,https://www.youtube.com/watch?v=qqRYkcta6IE,Explains key differences between TCP and UDP protocols. Covers connection establishment three-way handshake reliability headers and when to choose TCP vs UDP.,"CS,IT"
74,TCP Congestion Control and Flow Control,CN,TCP/IP,Medium,45,https://www.youtube.com/watch?v=cA9ZJdqzOoU,Teaches TCP flow control using sliding window and congestion control mechanisms including slow start congestion avoidance fast retransmit and fast recovery algorithms.,"CS,IT"
75,IP Addressing and Subnetting,CN,TCP/IP,Medium,50,https://www.youtube.com/watch?v=s_gy-1-emEQ,Covers IPv4 addressing classes subnetting with CIDR notation subnet masks network and host identification. Includes practice problems for subnetting and VLSM.,"CS,IT"
76,IPv6 - Features and Transition Mechanisms,CN,TCP/IP,Hard,42,https://www.youtube.com/watch?v=TIivm6c6F3E,Explains IPv6 address format 128-bit addressing header simplification auto-configuration and comparison with IPv4. Covers dual-stack tunneling and NAT64 transition strategies.,"CS,IT"
77,Routing Algorithms - RIP OSPF and BGP,CN,Routing,Hard,58,https://www.youtube.com/watch?v=9RHkNBELsPs,Covers distance vector routing with RIP link state routing with OSPF and path vector BGP. Explains convergence loop prevention metrics and when each protocol is used.,"CS,IT"
78,Static and Dynamic Routing Explained,CN,Routing,Medium,38,https://www.youtube.com/watch?v=AkxqkoxErRk,Explains static routing configuration advantages and use cases versus dynamic routing protocols. Covers routing table structure routing metrics and default route configuration.,"CS,IT"
79,NAT and IP Masquerading,CN,Routing,Medium,35,https://www.youtube.com/watch?v=FTUV0t6JaDA,Teaches Network Address Translation with static NAT dynamic NAT and PAT. Covers how NAT enables private IP ranges to access the internet and its impact on routing.,"CS,IT"
80,DNS - Domain Name System Explained,CN,DNS,Easy,35,https://www.youtube.com/watch?v=27r4Bzuj5NQ,Covers how DNS translates domain names to IP addresses. Explains recursive and iterative resolution DNS record types (A MX CNAME) caching and DNS hierarchy.,"CS,IT"
81,DNS Security and DNSSEC,CN,DNS,Hard,42,https://www.youtube.com/watch?v=rIi4UO7GX3Y,Explains DNS vulnerabilities like cache poisoning and DNS spoofing. Covers DNSSEC digital signatures zone signing and deployment challenges for secure DNS resolution.,"CS,IT"
82,HTTP and HTTPS Protocols,CN,HTTP,Easy,38,https://www.youtube.com/watch?v=iYM2zFP3Zn0,Covers HTTP request-response cycle methods GET POST PUT DELETE status codes headers and cookies. Explains HTTPS TLS handshake and certificate validation for secure communication.,"CS,IT"
83,HTTP/2 and HTTP/3 - Modern Web Protocols,CN,HTTP,Hard,48,https://www.youtube.com/watch?v=a-sBfyiXysI,Explains HTTP/2 features like multiplexing header compression and server push. Covers HTTP/3 built on QUIC protocol and performance improvements for modern web applications.,"CS,IT"
84,Classes and Objects in OOP,OOP,Classes,Easy,32,https://www.youtube.com/watch?v=8cm1x4bC610,Introduces classes and objects as blueprints and instances. Covers attributes methods constructors and the difference between class and instance variables with examples in Java and C++.,"CS,IT,SE,DS"
85,Constructors Destructors and this Keyword,OOP,Classes,Easy,30,https://www.youtube.com/watch?v=SiBw7os-_zI,Covers default parameterized and copy constructors destructors and the this pointer. Explains constructor chaining and initialization lists with memory management implications.,"CS,IT,SE,DS"
86,Access Modifiers and Encapsulation,OOP,Objects,Easy,28,https://www.youtube.com/watch?v=qO0A_5YBWpc,Teaches encapsulation using private protected and public access modifiers. Covers getter and setter methods data hiding and why encapsulation is essential for maintainable code.,"CS,IT,SE,DS"
87,Static Members and Nested Classes,OOP,Objects,Medium,38,https://www.youtube.com/watch?v=e6tYTHOPujc,Explains static variables and static methods shared across all instances. Covers nested classes inner classes and anonymous classes with practical design pattern examples.,"CS,IT,SE,DS"
88,Single and Multilevel Inheritance,OOP,Inheritance,Easy,35,https://www.youtube.com/watch?v=9YANKen7SWs,Covers inheritance basics IS-A relationship single inheritance multilevel inheritance and constructor calling order. Explains how derived classes reuse and extend base class behavior.,"CS,IT,SE,DS"
89,Multiple and Hybrid Inheritance,OOP,Inheritance,Medium,42,https://www.youtube.com/watch?v=Nt62FOSJhKY,Explains multiple inheritance with the diamond problem and resolution using virtual inheritance in C++ or interfaces in Java. Covers hybrid inheritance and ambiguity resolution.,"CS,IT,SE,DS"
90,Method Overriding and super Keyword,OOP,Inheritance,Medium,35,https://www.youtube.com/watch?v=JSoV24CAni0,Covers method overriding rules covariant return types and the super keyword for calling parent class methods and constructors with practical code examples.,"CS,IT,SE,DS"
91,Polymorphism - Compile Time and Runtime,OOP,Polymorphism,Medium,40,https://www.youtube.com/watch?v=0xw06loTm1k,Explains compile-time polymorphism through method overloading and operator overloading and runtime polymorphism through method overriding and virtual functions with vtable internals.,"CS,IT,SE,DS"
92,Abstract Classes and Interfaces,OOP,Abstraction,Medium,38,https://www.youtube.com/watch?v=HvPlEJ3LHgE,Covers abstract classes with abstract methods and interfaces with multiple implementation. Explains the difference between abstract classes and interfaces and when to use each.,"CS,IT,SE,DS"
93,Abstraction and Real-World Design Examples,OOP,Abstraction,Easy,32,https://www.youtube.com/watch?v=1Hy14rAYfb8,Introduces abstraction as hiding implementation complexity. Uses real-world analogies and design examples to show how abstraction simplifies interaction with complex systems.,"CS,IT,SE,DS"
94,Design Principles - SOLID in OOP,OOP,Abstraction,Hard,55,https://www.youtube.com/watch?v=_jDNAJnu8Ro,Covers all five SOLID principles with code examples showing violations and fixes. Teaches how to design maintainable extensible and loosely coupled object-oriented systems.,"CS,IT,SE,DS"
95,OOP Relationships - Association Aggregation Composition,OOP,Objects,Hard,48,https://www.youtube.com/watch?v=Dv0AgJ-3CKg,Explains HAS-A relationships through association aggregation and composition. Covers UML class diagram notation lifecycle dependencies and when to prefer composition over inheritance.,"CS,IT,SE,DS"
96,Inter-Process Communication - Pipes Signals Sockets,OS,Processes,Medium,42,https://www.youtube.com/watch?v=uHtzOFwgD74,Covers IPC mechanisms including unnamed and named pipes signals shared memory message queues and sockets. Explains synchronization challenges in IPC with producer-consumer examples.,"CS,IT,SE"
97,OS Boot Process and Kernel Architecture,OS,Processes,Hard,38,https://www.youtube.com/watch?v=oHg5SJYRHA0,Explains the OS boot sequence from BIOS to kernel loading. Covers monolithic vs microkernel architecture system initialization process 0 and kernel space vs user space boundaries.,"CS,IT,SE"
98,Operator Overloading in OOP,OOP,Polymorphism,Medium,35,https://www.youtube.com/watch?v=mS9755gF66w,Teaches operator overloading concepts in C++ and its equivalents in other languages. Covers overloading arithmetic comparison and stream operators with rules and restrictions.,"CS,IT,SE,DS"
99,OOP Design Patterns - Singleton Factory and Observer,OOP,Classes,Hard,58,https://www.youtube.com/watch?v=v9ejT8FO-7I,Covers three essential design patterns Singleton for single instance control Factory for object creation and Observer for event-driven programming with implementation in Java and Python.,"CS,IT,SE,DS"
100,Object Cloning and Shallow vs Deep Copy,OOP,Objects,Medium,32,https://www.youtube.com/watch?v=BwR0vWKa-t0,Explains object cloning mechanisms shallow copy vs deep copy. Covers copy constructors clone method in Java assignment operator overloading and memory implications of each approach.,"CS,IT,SE,DS"
101,Introduction to Algorithm Analysis and Big-O Notation,Algorithms,Complexity Analysis,Easy,40,https://www.youtube.com/watch?v=Mo4vesaut8g,Covers time and space complexity analysis with Big-O Big-Theta and Big-Omega notations. Teaches how to analyze loops nested loops and recursive calls to determine algorithmic efficiency.,"CS,SE,DS"
102,Divide and Conquer Strategy,Algorithms,Divide and Conquer,Medium,50,https://www.youtube.com/watch?v=11V7Ik0IBHU,Explains the divide-and-conquer paradigm with examples from merge sort quick sort binary search and Strassen matrix multiplication. Derives recurrences and solves them using the Master Theorem.,"CS,SE,DS"
103,Dynamic Programming - Memoization and Tabulation,Algorithms,Dynamic Programming,Hard,65,https://www.youtube.com/watch?v=oBt53YbR9Kk,Introduces dynamic programming with overlapping subproblems and optimal substructure. Covers top-down memoization and bottom-up tabulation using Fibonacci knapsack LCS and matrix chain multiplication.,"CS,SE,DS"
104,Greedy Algorithms - Activity Selection and Huffman Coding,Algorithms,Greedy Algorithms,Medium,48,https://www.youtube.com/watch?v=ARvQcqJ_-NY,Explains the greedy choice property and how greedy algorithms build optimal solutions step by step. Covers activity selection problem fractional knapsack Huffman encoding and Prim's/Kruskal's MST.,"CS,SE,DS"
105,Backtracking - N-Queens Sudoku and Subset Sum,Algorithms,Backtracking,Hard,55,https://www.youtube.com/watch?v=DKCbsiDBN6c,Covers backtracking as systematic trial-and-error with pruning. Solves N-Queens problem Sudoku solver subset sum and graph coloring. Explains state-space tree construction and constraint propagation.,"CS,SE,DS"
106,String Algorithms - KMP and Rabin-Karp,Algorithms,String Algorithms,Hard,58,https://www.youtube.com/watch?v=BXCEFAzhxGY,Covers pattern matching algorithms including naive O(nm) KMP with failure function O(n+m) and Rabin-Karp with rolling hash. Explains preprocessing phase and applications in text search and bioinformatics.,"CS,SE"
107,Advanced DP - Longest Increasing Subsequence and Edit Distance,Algorithms,Dynamic Programming,Hard,60,https://www.youtube.com/watch?v=CE2b_-XfVDk,Covers advanced DP problems including LIS with binary search O(n log n) edit distance with 2D DP table and matrix chain multiplication. Emphasizes recognising DP patterns and state design.,"CS,SE,DS"
108,Master Theorem and Recurrence Relations,Algorithms,Complexity Analysis,Medium,42,https://www.youtube.com/watch?v=OynWkEj0S-s,Teaches solving divide-and-conquer recurrences using the Master Theorem with all three cases. Covers substitution method and recursion tree method for recurrences not handled by the Master Theorem.,"CS,SE"
109,Logic Propositional Calculus and Proof Techniques,Mathematics,Discrete Mathematics,Easy,38,https://www.youtube.com/watch?v=unlWTp2JhGQ,Introduces propositional logic truth tables logical connectives AND OR NOT implications and biconditionals. Covers tautology contradiction logical equivalence and proof techniques including direct proof and proof by contradiction.,"CS,SE,DS"
110,Set Theory Relations and Functions,Mathematics,Discrete Mathematics,Easy,42,https://www.youtube.com/watch?v=tyDKR4FG3Yw,Covers set notation union intersection complement difference and Cartesian product. Explains relations properties reflexive symmetric transitive and equivalence relations with Venn diagrams and function types.,"CS,SE,DS"
111,Combinatorics Permutations Combinations and Pigeonhole Principle,Mathematics,Discrete Mathematics,Medium,48,https://www.youtube.com/watch?v=8RRo6Ti9d0U,Explains counting principles permutations with and without repetition combinations binomial theorem and the pigeonhole principle. Covers inclusion-exclusion principle with algorithmic problem-solving examples.,"CS,SE,DS"
112,Graph Theory for Computer Science,Mathematics,Discrete Mathematics,Medium,50,https://www.youtube.com/watch?v=HkNdNpKUByM,Covers graph theory basics including degree sequences Eulerian and Hamiltonian paths planar graphs graph coloring and spanning trees. Focuses on mathematical properties underpinning graph algorithms.,"CS,SE,DS"
113,Vectors Vector Spaces and Linear Independence,Mathematics,Linear Algebra,Easy,40,https://www.youtube.com/watch?v=fNk_zzaMoSs,Introduces vectors vector addition scalar multiplication dot product and cross product. Covers vector spaces subspaces linear independence span and basis with geometric intuition for machine learning applications.,"CS,DS"
114,Matrix Operations Determinants and Inverse,Mathematics,Linear Algebra,Easy,45,https://www.youtube.com/watch?v=rowWM-x0dDQ,Covers matrix addition multiplication transpose inverse and determinant calculation. Explains identity matrix properties of matrix operations conditions for invertibility and applications in transformation and ML.,"CS,DS"
115,Eigenvalues Eigenvectors and PCA,Mathematics,Linear Algebra,Hard,60,https://www.youtube.com/watch?v=PFDu9oVAE-g,Teaches eigenvalue decomposition characteristic polynomial and finding eigenvectors. Covers diagonalization SVD and applications in PCA dimensionality reduction and solving linear systems in machine learning.,"CS,DS"
116,Probability Theory and Random Variables,Mathematics,Probability,Medium,50,https://www.youtube.com/watch?v=3v9w79NhsfI,Covers probability axioms conditional probability Bayes theorem and independence. Introduces discrete and continuous random variables PMF PDF CDF expectation and variance with Binomial Normal and Poisson distributions.,"CS,SE,DS"
117,Descriptive Statistics and Exploratory Analysis,Mathematics,Statistics,Easy,35,https://www.youtube.com/watch?v=SzZ6GpcfoQY,Teaches measures of central tendency mean median mode and measures of spread variance standard deviation IQR. Covers skewness kurtosis box plots and how descriptive stats guide exploratory data analysis.,"CS,DS"
118,Hypothesis Testing p-values and Confidence Intervals,Mathematics,Statistics,Hard,55,https://www.youtube.com/watch?v=-FtlH4svqx4,Explains null and alternative hypotheses p-values Type I and Type II errors t-tests chi-squared tests and ANOVA. Covers confidence intervals statistical significance and application in A/B testing and ML model evaluation.,"CS,DS"
119,Calculus for Machine Learning - Derivatives and Gradient Descent,Mathematics,Calculus,Medium,50,https://www.youtube.com/watch?v=sDv4f4s2SB8,Covers limits derivatives partial derivatives and the chain rule. Explains gradient descent using calculus of partial derivatives learning rate convex surfaces and the mathematical basis of backpropagation in neural networks.,"CS,DS"
120,Mathematical Induction and Recurrence Relations,Mathematics,Discrete Mathematics,Medium,45,https://www.youtube.com/watch?v=wblW_M_HVQ8,Teaches mathematical induction strong induction and well-ordering principle for proving algorithmic correctness. Covers setting up and solving recurrence relations with characteristic equations and generating functions.,"CS,SE,DS"
121,Introduction to Artificial Intelligence - Agents and Environments,AI Fundamentals,AI Basics,Easy,40,https://www.youtube.com/watch?v=JMUxmLyrhSk,Introduces AI history key concepts intelligent agents environments PEAS framework and types of agents reflex model goal and utility based. Surveys major AI domains including search planning ML vision and NLP.,CS
122,Search Algorithms - BFS DFS A-Star and Heuristics,AI Fundamentals,Search,Medium,55,https://www.youtube.com/watch?v=aR6Z9oHHPxY,Covers uninformed search BFS DFS UCS and informed search with greedy best-first and A* algorithm. Explains admissible heuristics consistency Manhattan distance and application in pathfinding and puzzle solving.,CS
123,Constraint Satisfaction Problems,AI Fundamentals,Search,Medium,45,https://www.youtube.com/watch?v=hJ9WOiueJes,Explains CSP formulation with variables domains and constraints. Covers backtracking search with forward checking arc consistency AC-3 and heuristics MRV LCV for solving map coloring scheduling and Sudoku.,CS
124,Game Playing - Minimax and Alpha-Beta Pruning,AI Fundamentals,Game Theory,Hard,52,https://www.youtube.com/watch?v=l-hh51ncgDI,Covers adversarial search with minimax algorithm optimal play in zero-sum games and alpha-beta pruning to reduce search space. Explains evaluation functions move ordering and Monte Carlo Tree Search for complex games.,CS
125,Knowledge Representation and Inference,AI Fundamentals,Knowledge Representation,Hard,50,https://www.youtube.com/watch?v=TqbHqkHJheo,Covers propositional and first-order logic for knowledge representation. Explains inference rules resolution unification and forward/backward chaining. Introduces ontologies semantic networks and Bayesian networks.,CS
126,Introduction to Machine Learning for AI,AI Fundamentals,AI Basics,Easy,38,https://www.youtube.com/watch?v=ukzFI9rgwfU,Introduces machine learning as a subset of AI covering supervised unsupervised and reinforcement learning paradigms. Surveys key ML algorithms and explains how ML differs from traditional rule-based AI programming.,CS
127,System Design Introduction - Scalability and High Level Design,System Design,Fundamentals,Medium,55,https://www.youtube.com/watch?v=0163cssUxLA,Introduces system design concepts including horizontal vs vertical scaling load balancing caching replication and sharding. Covers high-level design methodology requirements gathering capacity estimation and component selection.,"CS,SE"
128,Load Balancing Caching and CDN,System Design,Scalability,Medium,50,https://www.youtube.com/watch?v=K0Ta65OqQkY,Covers load balancing algorithms round-robin least connections and consistent hashing. Explains caching strategies write-through write-back and cache eviction policies LRU LFU. Introduces CDN architecture for static content delivery.,"CS,SE"
129,Database Design at Scale - SQL vs NoSQL Sharding and Replication,System Design,Database Design,Hard,62,https://www.youtube.com/watch?v=UrFyqLl6WWE,Covers choosing between SQL and NoSQL databases for scale. Explains database sharding strategies horizontal partitioning consistent hashing and replication with leader-follower and multi-leader models for high availability.,"CS,SE"
130,Designing a URL Shortener - End-to-End System Design,System Design,Case Studies,Hard,58,https://www.youtube.com/watch?v=fMZMm_0ZhK4,Walks through designing a URL shortening service covering requirements estimation API design database schema base62 encoding caching with Redis and scaling to millions of requests per second.,"CS,SE"
131,Message Queues and Event-Driven Architecture,System Design,Distributed Systems,Hard,52,https://www.youtube.com/watch?v=oUJbuFMyBDk,Covers message queue concepts producer-consumer pattern and event-driven architecture using Kafka and RabbitMQ. Explains topic partitioning consumer groups delivery guarantees and decoupling microservices at scale.,"CS,SE"
132,Microservices Architecture and API Gateway,System Design,Architecture,Hard,60,https://www.youtube.com/watch?v=rv4LlmLmVWk,Compares monolithic and microservices architectures with trade-offs. Covers service decomposition inter-service communication REST vs gRPC API gateway patterns service discovery and distributed tracing for observability.,"CS,SE"
133,HTML5 and CSS3 Fundamentals,Web Development,Frontend Basics,Easy,45,https://www.youtube.com/watch?v=mU6anWqZJcc,Covers HTML5 semantic elements forms tables media and CSS3 selectors box model flexbox grid animations and responsive design. Teaches building accessible well-structured web pages from scratch.,IT
134,JavaScript Fundamentals for Web Development,Web Development,JavaScript,Easy,55,https://www.youtube.com/watch?v=W6NZfCO5SIk,Introduces JavaScript variables data types functions DOM manipulation events promises async-await and fetch API. Covers ES6 features arrow functions destructuring spread operator and modules for modern web development.,IT
135,React.js - Components State and Hooks,Web Development,Frontend Frameworks,Medium,60,https://www.youtube.com/watch?v=bMknfKXIFA8,Covers React fundamentals with functional components JSX props state management using useState useEffect and useContext hooks. Explains component lifecycle forms routing with React Router and building SPA applications.,IT
136,Node.js and Express - Backend REST API Development,Web Development,Backend Development,Medium,58,https://www.youtube.com/watch?v=Oe421EPjeBE,Builds RESTful APIs with Node.js and Express covering routing middleware request-response cycle JSON handling authentication with JWT MongoDB integration and deploying Node applications to production.,IT
137,Database Integration - SQL and NoSQL for Web Apps,Web Development,Backend Development,Medium,50,https://www.youtube.com/watch?v=ofme2o29ngU,Covers integrating PostgreSQL and MongoDB with web applications. Explains ORM with Sequelize and Mongoose schema design connection pooling transactions and optimising database queries for web application performance.,IT
138,Web Security Fundamentals - OWASP Top 10,Web Development,Web Security,Hard,52,https://www.youtube.com/watch?v=t0lMqSWgGJ0,Covers OWASP Top 10 vulnerabilities including SQL injection XSS CSRF broken authentication insecure direct object references and security misconfiguration. Teaches secure coding practices input validation and security headers.,IT
139,Full Stack Project - MERN Stack Application,Web Development,Full Stack,Hard,75,https://www.youtube.com/watch?v=7CqJlxBYj-M,Builds a complete MERN stack application from scratch with React frontend Node/Express backend MongoDB database and JWT authentication. Covers state management API integration deployment and best practices for full stack development.,IT
140,RESTful API Design Principles and Best Practices,Web Development,API Design,Medium,42,https://www.youtube.com/watch?v=lsMQRaeKNDk,Covers REST constraints resource naming HTTP methods versioning status codes pagination filtering and documentation with OpenAPI Swagger. Teaches designing intuitive maintainable and well-documented APIs for web services.,IT
141,Cloud Computing Fundamentals - IaaS PaaS SaaS,Cloud Computing,Cloud Basics,Easy,38,https://www.youtube.com/watch?v=M988_fsOSWo,Introduces cloud computing concepts deployment models public private hybrid and multi-cloud and service models IaaS PaaS SaaS. Covers key benefits scalability elasticity pay-as-you-go and major cloud providers AWS Azure GCP.,IT
142,AWS Core Services - EC2 S3 RDS and VPC,Cloud Computing,AWS,Medium,60,https://www.youtube.com/watch?v=ulprqHHWlng,Covers essential AWS services EC2 instance types S3 storage classes RDS managed databases and VPC networking. Explains IAM roles security groups elastic load balancing and auto scaling for building cloud applications.,IT
143,Containerization with Docker,Cloud Computing,Containers,Medium,55,https://www.youtube.com/watch?v=pg19Z8LL06w,Covers Docker concepts images containers Dockerfile build process Docker Compose for multi-container apps volumes networking and pushing images to Docker Hub. Explains how containers solve dependency and environment consistency problems.,IT
144,Kubernetes - Container Orchestration at Scale,Cloud Computing,Kubernetes,Hard,65,https://www.youtube.com/watch?v=X48VuDVv0do,Introduces Kubernetes architecture with pods deployments services ingress configmaps and persistent volumes. Covers kubectl commands cluster setup with minikube rolling updates horizontal pod autoscaling and Helm charts.,IT
145,Serverless Architecture and AWS Lambda,Cloud Computing,Serverless,Medium,45,https://www.youtube.com/watch?v=97q30JjEq9Y,Explains serverless computing concepts function-as-a-service cold starts event triggers and stateless execution. Builds serverless applications with AWS Lambda API Gateway DynamoDB and S3 triggers with cost and performance analysis.,IT
146,Cloud Storage and Databases - S3 DynamoDB and Cloud SQL,Cloud Computing,Cloud Storage,Medium,48,https://www.youtube.com/watch?v=oNW4cLgekMI,Covers cloud storage solutions object storage with S3 managed NoSQL with DynamoDB and managed relational databases with Cloud SQL RDS. Explains data consistency replication backup strategies and cost optimisation.,IT
147,Cloud Security Identity and Access Management,Cloud Computing,Cloud Security,Hard,50,https://www.youtube.com/watch?v=y8cbKJAo3B4,Covers cloud security fundamentals shared responsibility model IAM policies roles and permissions MFA encryption at rest and in transit VPC security groups and cloud compliance frameworks SOC2 ISO27001.,IT
148,Cyber Security Fundamentals - CIA Triad and Threat Landscape,Cyber Security,Security Basics,Easy,38,https://www.youtube.com/watch?v=rcDO8km6R6c,Introduces cybersecurity fundamentals with CIA triad confidentiality integrity availability. Covers types of threats malware phishing ransomware social engineering attack vectors and the role of security in modern IT infrastructure.,IT
149,Network Security - Firewalls VPNs and IDS,Cyber Security,Network Security,Medium,50,https://www.youtube.com/watch?v=_uBiRMIKUAk,Covers network security controls including stateful firewalls packet filtering VPN technologies IPsec and SSL TLS. Explains intrusion detection systems IDS vs IPS honeypots DMZ architecture and network monitoring.,IT
150,Cryptography Fundamentals - Symmetric and Asymmetric Encryption,Cyber Security,Cryptography,Medium,55,https://www.youtube.com/watch?v=AQDCe585Lnc,Covers symmetric encryption AES DES and asymmetric encryption RSA elliptic curve. Explains key exchange Diffie-Hellman digital signatures hash functions SHA-256 and PKI infrastructure with certificate authorities.,IT
151,Ethical Hacking and Penetration Testing Fundamentals,Cyber Security,Ethical Hacking,Hard,62,https://www.youtube.com/watch?v=3Kq1MIfTWCE,Introduces penetration testing methodology phases reconnaissance scanning exploitation and reporting. Covers tools like Nmap Metasploit Burp Suite and ethical hacking mindset. Explains CVEs vulnerability scoring and responsible disclosure.,IT
152,Web Application Security and SQL Injection,Cyber Security,Application Security,Hard,58,https://www.youtube.com/watch?v=wX6tszfgYoU,Covers web application attacks SQL injection XSS CSRF broken access control and insecure deserialization. Teaches secure coding practices parameterised queries output encoding and using OWASP ZAP for web application security testing.,IT
153,Security Operations and Incident Response,Cyber Security,Security Operations,Hard,52,https://www.youtube.com/watch?v=HBe-6O1LKKA,Covers SOC operations SIEM tools log analysis and threat hunting. Explains incident response lifecycle preparation detection containment eradication and recovery. Covers forensics basics chain of custody and incident reporting.,IT
154,Identity and Access Management and Zero Trust Security,Cyber Security,IAM,Medium,45,https://www.youtube.com/watch?v=RbJFr_R1DuA,Explains IAM concepts authentication vs authorisation MFA OAuth 2.0 and SAML SSO. Covers Zero Trust security model principle of least privilege role-based access control and PAM privileged access management.,IT
155,Software Development Life Cycle and Agile Methodology,Software Engineering,SDLC,Easy,40,https://www.youtube.com/watch?v=i-QyW8D3ei0,Covers SDLC phases planning requirements design implementation testing and maintenance. Explains Agile manifesto Scrum framework sprints retrospectives kanban and how agile methodologies improve software delivery.,SE
156,Requirements Engineering and Use Case Modeling,Software Engineering,Requirements,Easy,45,https://www.youtube.com/watch?v=zid-MVo7M_E,Covers functional and non-functional requirements elicitation techniques use case diagrams user stories acceptance criteria and requirements traceability matrix. Teaches writing clear unambiguous requirements for software projects.,SE
157,Software Architecture Patterns - MVC Layered and Event-Driven,Software Engineering,Architecture,Medium,52,https://www.youtube.com/watch?v=BrT3AO8bVQY,Covers major architectural patterns MVC MVP MVVM layered architecture event-driven microservices and repository pattern. Explains when to choose each pattern trade-offs and how architecture decisions affect scalability and maintainability.,SE
158,Software Project Management - Estimation and Risk,Software Engineering,Project Management,Medium,48,https://www.youtube.com/watch?v=A0M3oqCBmxk,Covers project planning effort estimation techniques function points use-case points and COCOMO. Explains risk identification mitigation Gantt charts critical path method and managing scope creep in software projects.,SE
159,Code Quality Clean Code and Code Review Best Practices,Software Engineering,Code Quality,Medium,42,https://www.youtube.com/watch?v=Wibk0IfjfaI,Teaches clean code principles meaningful naming functions single responsibility DRY and KISS. Covers code review process technical debt refactoring strategies static analysis tools and establishing coding standards in teams.,SE
160,Version Control with Git - Branching Merging and Workflows,Software Engineering,Version Control,Easy,50,https://www.youtube.com/watch?v=RGOj5yH7evk,Covers Git fundamentals commits branches merging rebasing and conflict resolution. Explains Gitflow GitHub Flow and trunk-based development workflows pull requests code review process and Git best practices for team collaboration.,SE
161,UML Diagrams for Software Design,Software Engineering,Design,Medium,45,https://www.youtube.com/watch?v=WnMQ8HlmeXc,Covers essential UML diagram types class diagrams sequence diagrams activity diagrams use case and state machine diagrams. Teaches how to read and draw UML to communicate software design decisions to stakeholders and developers.,SE
162,Introduction to Design Patterns - Creational Structural Behavioral,Design Patterns,Patterns Overview,Easy,38,https://www.youtube.com/watch?v=v9ejT8FO-7I,Introduces the Gang of Four design patterns categorised as Creational Structural and Behavioral. Explains why design patterns exist how they solve recurring design problems and how to recognize pattern opportunities in code.,SE
163,Creational Patterns - Singleton Factory and Builder,Design Patterns,Creational Patterns,Medium,50,https://www.youtube.com/watch?v=nnVB2GQRIkA,Covers Singleton for controlled instantiation Factory Method and Abstract Factory for object creation and Builder for constructing complex objects step by step. Includes Java implementation examples and anti-pattern warnings.,SE
164,Structural Patterns - Adapter Decorator and Facade,Design Patterns,Structural Patterns,Medium,48,https://www.youtube.com/watch?v=lPsSL6_7NBg,Explains structural design patterns Adapter for interface compatibility Decorator for adding behaviour dynamically Facade for simplifying subsystems Proxy for access control and Composite for tree structures.,SE
165,Behavioral Patterns - Observer Strategy and Command,Design Patterns,Behavioral Patterns,Medium,52,https://www.youtube.com/watch?v=CvEo8c9CY9U,Covers behavioral patterns Observer for event handling Strategy for interchangeable algorithms Command for encapsulating requests Iterator for traversal and Template Method for defining algorithm skeletons with implementation examples.,SE
166,SOLID Principles in Practice,Design Patterns,SOLID,Medium,55,https://www.youtube.com/watch?v=_jDNAJnu8Ro,Covers all five SOLID principles Single Responsibility Open-Closed Liskov Substitution Interface Segregation and Dependency Inversion with before-and-after code examples showing how SOLID leads to clean extensible maintainable designs.,SE
167,Design Patterns in Real Projects - Anti-Patterns and Refactoring,Design Patterns,Applied Patterns,Hard,58,https://www.youtube.com/watch?v=hQE8lQk9ikE,Covers recognising and refactoring anti-patterns like God Object Spaghetti Code and Magic Numbers. Shows how to introduce design patterns incrementally into existing codebases with real-world Java and Python refactoring examples.,SE
168,Software Testing Fundamentals - Types and Levels,Testing,Testing Basics,Easy,38,https://www.youtube.com/watch?v=TDynSmrzpXw,Covers types of testing unit integration system and acceptance testing. Explains testing levels black-box white-box and grey-box testing manual vs automated testing and the testing pyramid for balancing test effort.,SE
169,Unit Testing with JUnit and Pytest,Testing,Unit Testing,Medium,50,https://www.youtube.com/watch?v=vqgSO8_cRio,Teaches unit testing with JUnit 5 for Java and pytest for Python. Covers test fixtures assertions mocking with Mockito/unittest.mock parameterised tests and code coverage measurement with JaCoCo and coverage.py.,SE
170,Test Driven Development - TDD in Practice,Testing,TDD,Medium,45,https://www.youtube.com/watch?v=qkblc5WRn-U,Explains TDD red-green-refactor cycle with hands-on examples. Covers writing tests first making them pass minimal implementation refactoring and how TDD improves design forces modularity and provides regression safety nets.,SE
171,Integration and API Testing with Postman and REST Assured,Testing,Integration Testing,Medium,48,https://www.youtube.com/watch?v=VywxIQ2ZXw4,Covers integration testing strategies API testing with Postman collections environment variables and automated test scripts. Introduces REST Assured for Java-based API testing contract testing and testing microservice interactions.,SE
172,Performance Testing with JMeter and Load Testing Concepts,Testing,Performance Testing,Hard,52,https://www.youtube.com/watch?v=Jxhbkq0JETY,Covers performance testing types load stress spike soak and volume testing with Apache JMeter. Explains thread groups ramp-up requests per second latency throughput bottleneck identification and performance baseline establishment.,SE
173,Test Automation Frameworks and CI Integration,Testing,Test Automation,Hard,55,https://www.youtube.com/watch?v=LZH4_ypbLuQ,Builds automated test suites with Selenium for UI testing and integrates them into CI pipelines. Covers Page Object Model test reporting with Allure parallel test execution and maintaining test automation for long-lived projects.,SE
174,DevOps Culture and Principles,DevOps,DevOps Basics,Easy,35,https://www.youtube.com/watch?v=0yWAtQ6wYNM,Introduces DevOps as a culture of collaboration between development and operations. Covers CALMS framework culture automation lean measurement sharing CI/CD pipeline overview and how DevOps accelerates software delivery.,SE
175,Continuous Integration and Continuous Deployment with GitHub Actions,DevOps,CI/CD,Medium,55,https://www.youtube.com/watch?v=R8_veQiYBjI,Builds CI/CD pipelines using GitHub Actions with workflows jobs steps and runners. Covers automated testing build artifact creation Docker image push to registry and deployment to staging and production environments.,SE
176,Infrastructure as Code with Terraform,DevOps,IaC,Hard,62,https://www.youtube.com/watch?v=l5k1ai_GBDE,Introduces Terraform HCL syntax providers resources variables modules and state management. Covers provisioning AWS infrastructure VPC EC2 RDS with Terraform remote state in S3 workspace management and Terraform best practices.,SE
177,Configuration Management with Ansible,DevOps,Configuration Management,Medium,50,https://www.youtube.com/watch?v=1id6ERvfozo,Covers Ansible inventory playbooks tasks roles variables templates and handlers. Teaches automating server configuration application deployment and system administration tasks with idempotent Ansible plays for consistent environments.,SE
178,Monitoring and Observability - Prometheus and Grafana,DevOps,Monitoring,Medium,52,https://www.youtube.com/watch?v=h4Sl21AKiDg,Sets up Prometheus for metrics collection and Grafana for dashboards. Covers PromQL queries alert rules Node Exporter application instrumentation with client libraries and building SRE dashboards for production observability.,SE
179,Docker and Kubernetes for DevOps Pipelines,DevOps,Containers,Hard,65,https://www.youtube.com/watch?v=bhBSlnQcq2k,Covers containerising applications with Docker and orchestrating them with Kubernetes in a DevOps context. Explains CI/CD pipeline integration building Docker images in CI deploying to Kubernetes with Helm and managing rolling deployments.,SE
180,Site Reliability Engineering - SLAs SLOs and Error Budgets,DevOps,SRE,Hard,48,https://www.youtube.com/watch?v=tEylFyxbDLE,Introduces SRE principles toil reduction SLA SLO SLI error budgets and reliability targets. Covers incident management on-call practices postmortem culture and the balance between shipping features and maintaining reliability.,SE
181,Python for Data Science - Syntax and Data Structures,Python,Python Basics,Easy,45,https://www.youtube.com/watch?v=_uQrJ0TkZlc,Covers Python essentials for data science including variables data types lists dictionaries tuples sets comprehensions functions and file I/O. Focuses on Python patterns and idioms used in data science and ML workflows.,DS
182,NumPy - Arrays Broadcasting and Vectorised Operations,Python,NumPy,Easy,42,https://www.youtube.com/watch?v=QUT1VHiLmmI,Introduces NumPy ndarray creation indexing slicing broadcasting and vectorised arithmetic. Explains why NumPy is faster than Python lists memory layout and its role as the foundation of all numerical computation in data science.,DS
183,Pandas for Data Manipulation and Cleaning,Python,Pandas,Easy,55,https://www.youtube.com/watch?v=vmEHCJofslg,Covers Pandas Series and DataFrame creation reading CSVs indexing filtering groupby merge pivot tables and handling missing values. Teaches essential data wrangling operations needed for preparing data for ML models.,DS
184,Data Visualization with Matplotlib and Seaborn,Python,Data Visualization,Easy,48,https://www.youtube.com/watch?v=3Xc3CA655Y4,Covers Matplotlib figures axes line bar scatter and histogram charts and Seaborn heatmaps pairplots and boxplots. Teaches creating publication-quality visualizations for exploratory data analysis and communicating insights.,DS
185,Jupyter Notebooks and Reproducible Data Science,Python,Python Environment,Easy,32,https://www.youtube.com/watch?v=HW29067qVWk,Introduces Jupyter notebooks for interactive data exploration covering markdown cells magic commands inline plots version control best practices and organising reproducible data science experiments with clear documentation.,DS
186,Python for Feature Engineering and Data Pipelines,Python,Data Pipelines,Medium,52,https://www.youtube.com/watch?v=0xVqLJe9_CY,Teaches practical feature engineering with Pandas and NumPy encoding categoricals creating interaction features normalisation scaling and building reusable preprocessing pipelines with scikit-learn Pipeline and ColumnTransformer.,DS
187,Introduction to Statistics for Data Science,Statistics,Descriptive Statistics,Easy,38,https://www.youtube.com/watch?v=xxpc-HPKN28,Covers population vs sample descriptive vs inferential statistics and types of data nominal ordinal interval ratio. Explains mean median mode variance standard deviation and the importance of statistics in data-driven decision making.,DS
188,Probability Distributions for Data Science,Statistics,Probability Distributions,Medium,50,https://www.youtube.com/watch?v=YXLVjCKVP7U,Covers common distributions Bernoulli Binomial Poisson Normal t-distribution chi-squared and F-distribution. Explains when to use each distribution QQ plots and how distributions underpin statistical tests and ML probabilistic models.,DS
189,Statistical Inference and Hypothesis Testing,Statistics,Hypothesis Testing,Hard,55,https://www.youtube.com/watch?v=-FtlH4svqx4,Covers sampling distributions Central Limit Theorem confidence intervals one-sample and two-sample t-tests ANOVA chi-squared goodness-of-fit test and p-value interpretation for data science and ML model evaluation.,DS
190,Bayesian Statistics and Bayesian Inference,Statistics,Bayesian Statistics,Hard,58,https://www.youtube.com/watch?v=3OJEae7Qb_o,Introduces Bayesian thinking prior likelihood posterior and Bayes rule. Covers conjugate priors Bayesian updating credible intervals and comparison with frequentist statistics. Applies Bayesian inference to classification and regression.,DS
191,Correlation Regression and Statistical Modeling,Statistics,Regression Analysis,Medium,52,https://www.youtube.com/watch?v=nk2CQITm_eo,Covers Pearson and Spearman correlation simple and multiple linear regression ordinary least squares coefficient interpretation R-squared adjusted R-squared and regression assumptions checking with residual analysis.,DS
192,A/B Testing and Experimental Design,Statistics,Experimental Design,Hard,48,https://www.youtube.com/watch?v=DUNk4GPZ9bw,Covers A/B test design sample size calculation power analysis t-test and chi-squared test for results Bonferroni correction for multiple comparisons and pitfalls of A/B testing for data-driven product and ML decisions.,DS
193,Machine Learning Fundamentals and Scikit-Learn Workflow,Machine Learning,ML Basics,Easy,45,https://www.youtube.com/watch?v=pqNCD_5r0IU,Introduces supervised unsupervised and reinforcement learning with scikit-learn pipeline. Covers train-test split cross-validation preprocessing model selection and evaluation metrics with hands-on classification and regression examples.,DS
194,Linear and Logistic Regression in Depth,Machine Learning,Supervised Learning,Medium,55,https://www.youtube.com/watch?v=VmbA0pi2cRQ,Derives linear regression with gradient descent logistic regression with sigmoid loss and regularisation L1 L2. Covers feature scaling multicollinearity assumption checking and implementing both algorithms in Python from scratch.,DS
195,Decision Trees Random Forests and Gradient Boosting,Machine Learning,Ensemble Methods,Medium,60,https://www.youtube.com/watch?v=v6VJ2RO66Ag,Covers decision tree construction with Gini and entropy Random Forest bagging and feature importance XGBoost LightGBM gradient boosting mechanics and hyperparameter tuning for winning Kaggle-style ML competitions.,DS
196,Support Vector Machines and Kernel Methods,Machine Learning,Supervised Learning,Hard,58,https://www.youtube.com/watch?v=efR1C6CvhmE,Explains SVM maximum margin classifier soft margin slack variables the kernel trick RBF polynomial and linear kernels. Covers SVM for classification and regression tuning C and gamma parameters with cross-validation.,DS
197,Clustering Algorithms - K-Means DBSCAN and Hierarchical,Machine Learning,Unsupervised Learning,Medium,50,https://www.youtube.com/watch?v=4b5d3muPQmA,Covers K-Means with elbow method silhouette score DBSCAN for density-based clustering and agglomerative hierarchical clustering with dendrograms. Explains when to use each and evaluation challenges in unsupervised learning.,DS
198,Model Selection Cross-Validation and Hyperparameter Tuning,Machine Learning,Model Evaluation,Medium,48,https://www.youtube.com/watch?v=fSytzGwwBVw,Covers k-fold stratified cross-validation leave-one-out GridSearchCV RandomizedSearchCV and Bayesian optimisation. Explains bias-variance tradeoff learning curves validation curves and model selection criteria AIC BIC.,DS
199,Dimensionality Reduction - PCA LDA and t-SNE,Machine Learning,Dimensionality Reduction,Hard,55,https://www.youtube.com/watch?v=FgakZw6K1QQ,Covers PCA via covariance matrix eigen decomposition and SVD explained variance Linear Discriminant Analysis for supervised reduction and t-SNE for high-dimensional visualization. Applies dimensionality reduction to image and text data.,DS
200,ML Pipeline and Feature Engineering Best Practices,Machine Learning,ML Engineering,Hard,52,https://www.youtube.com/watch?v=Wqmtf9SA_kk,Builds production-ready ML pipelines with scikit-learn Pipeline and ColumnTransformer. Covers feature engineering imputation encoding scaling selection and leakage prevention. Discusses reproducibility versioning and pipeline serialisation.,DS
201,Neural Networks and Backpropagation from Scratch,Deep Learning,Neural Networks,Medium,65,https://www.youtube.com/watch?v=aircAruvnKk,Builds a neural network from scratch using NumPy covering neuron model activation functions ReLU sigmoid softmax forward pass loss computation backpropagation via chain rule and mini-batch gradient descent.,DS
202,PyTorch Fundamentals for Deep Learning,Deep Learning,PyTorch,Medium,58,https://www.youtube.com/watch?v=c36lUUr864M,Introduces PyTorch tensors autograd automatic differentiation nn.Module custom Dataset DataLoader training evaluation loops and GPU acceleration. Covers model checkpointing learning rate schedulers and debugging training issues.,DS
203,Convolutional Neural Networks for Image Recognition,Deep Learning,CNN,Medium,60,https://www.youtube.com/watch?v=YRhxdVk_sIs,Explains CNN architecture convolution layers filters feature maps pooling and fully connected layers. Implements image classifier with ResNet using PyTorch covers data augmentation transfer learning and GradCAM visualization.,DS
204,Recurrent Networks and LSTMs for Sequence Data,Deep Learning,RNN,Hard,62,https://www.youtube.com/watch?v=LHXXI4-IEns,Covers RNN architecture vanishing gradient LSTM gates input forget output cell state and GRU. Applies sequence models to time series forecasting text generation and sentiment analysis with PyTorch implementation.,DS
205,Attention Mechanism and Transformer Architecture,Deep Learning,Transformers,Hard,68,https://www.youtube.com/watch?v=iDulhoQ2pro,Explains self-attention mechanism scaled dot-product attention multi-head attention positional encoding and the full Transformer encoder-decoder architecture. Foundation for understanding BERT GPT and modern large language models.,DS
206,Transfer Learning and Fine-Tuning Pretrained Models,Deep Learning,Transfer Learning,Hard,52,https://www.youtube.com/watch?v=yofjFQddwHE,Explains transfer learning concepts feature extraction vs fine-tuning layer freezing and learning rate strategies. Adapts ResNet EfficientNet and ViT pretrained models to custom classification tasks using PyTorch with limited data.,DS
207,Regularisation and Training Best Practices for Deep Learning,Deep Learning,Training Techniques,Medium,48,https://www.youtube.com/watch?v=NyG-oP_gBWM,Covers overfitting in deep networks and regularisation strategies including Dropout Batch Normalisation Layer Normalisation L2 weight decay learning rate warmup and cosine scheduling for stable and generalisable model training.,DS
208,NLP Fundamentals and Text Preprocessing,NLP,Text Preprocessing,Easy,40,https://www.youtube.com/watch?v=X2vAabgKiuM,Introduces NLP pipeline with tokenisation stemming lemmatisation stop word removal and part-of-speech tagging using NLTK and spaCy. Covers regular expressions and text cleaning techniques for building NLP applications.,DS
209,Text Representation - TF-IDF Word2Vec and Embeddings,NLP,Text Representation,Medium,50,https://www.youtube.com/watch?v=viZrOnJclY0,Covers Bag-of-Words TF-IDF sparse representations and dense word embeddings with Word2Vec GloVe and FastText. Explains cosine similarity semantic search and how embeddings capture syntactic and semantic word relationships.,DS
210,Text Classification and Sentiment Analysis,NLP,Text Classification,Medium,48,https://www.youtube.com/watch?v=n3RqsMz3-0A,Builds end-to-end text classification for sentiment analysis using TF-IDF with Logistic Regression and fine-tuning BERT with HuggingFace. Covers dataset preparation evaluation with precision recall F1 and handling class imbalance.,DS
211,BERT and Transformer-based NLP,NLP,Transformers for NLP,Hard,62,https://www.youtube.com/watch?v=xI0HHN5XKDo,Explains BERT pretraining with masked language model and next sentence prediction objectives. Covers fine-tuning BERT for classification NER question answering using HuggingFace Transformers and the Trainer API.,DS
212,Sequence to Sequence Models and Machine Translation,NLP,Seq2Seq,Hard,55,https://www.youtube.com/watch?v=AsNTP8Kwu80,Covers seq2seq encoder-decoder architecture attention mechanism and beam search for machine translation. Explains teacher forcing BLEU score evaluation and modern translation with the Transformer model and mBART.,DS
213,Named Entity Recognition and Information Extraction,NLP,NER,Hard,48,https://www.youtube.com/watch?v=T_LKHmIOpHM,Covers NER for extracting persons locations organisations using spaCy CRF models and transformer-based token classification. Explains IOB labelling scheme relation extraction and applications in document intelligence and KG construction.,DS
214,Computer Vision Fundamentals and Image Processing,Computer Vision,Image Processing,Easy,45,https://www.youtube.com/watch?v=oXlwWbU8l2o,Introduces image representation as pixel arrays colour spaces BGR RGB HSV image transformations Gaussian blurring Sobel edge detection morphological operations and thresholding using OpenCV for CV preprocessing pipelines.,DS
215,Image Classification with CNNs - End-to-End,Computer Vision,Image Classification,Medium,60,https://www.youtube.com/watch?v=pDdP0TFzsoQ,Builds complete image classification pipeline with data loading augmentation model training with ResNet fine-tuning and performance evaluation. Covers GradCAM class activation maps and debugging misclassifications.,DS
216,Object Detection - YOLO and Faster RCNN,Computer Vision,Object Detection,Hard,65,https://www.youtube.com/watch?v=t-phGBfPEZ4,Covers object detection with bounding box regression anchor boxes IoU non-max suppression Faster RCNN two-stage detector and YOLOv8 one-stage detector. Explains mAP evaluation metric and training custom detectors.,DS
217,Image Segmentation - Semantic and Instance,Computer Vision,Segmentation,Hard,58,https://www.youtube.com/watch?v=qgkEjEA67dM,Covers semantic segmentation with U-Net FCN DeepLab and instance segmentation with Mask RCNN. Explains pixel-wise classification loss functions Dice and cross-entropy and evaluation with mean IoU metric.,DS
218,Vision Transformers - ViT and DINO,Computer Vision,Vision Transformers,Hard,55,https://www.youtube.com/watch?v=TrdevFK_am4,Explains Vision Transformer ViT patch embedding positional encoding and self-supervised pretraining with DINO. Compares CNN vs ViT for image tasks covers DeiT efficient training and the shift from convolutions to attention in CV.,DS
219,Video Understanding and Temporal Models,Computer Vision,Video Analysis,Hard,52,https://www.youtube.com/watch?v=9N22FjJJ3To,Covers video classification with 3D CNNs two-stream networks and video transformers. Explains optical flow temporal segment networks action recognition benchmarks Kinetics and UCF101 and video object detection challenges.,DS
220,Introduction to Generative AI - GANs VAEs and Diffusion,Generative AI,GenAI Basics,Easy,38,https://www.youtube.com/watch?v=G2fqAlgmoPo,Surveys the generative AI landscape covering GANs VAEs diffusion models and large language models. Explains what makes a model generative the role of probability distributions and real-world applications in text image audio and code generation.,DS
221,Diffusion Models - DDPM and Stable Diffusion,Generative AI,Diffusion Models,Hard,68,https://www.youtube.com/watch?v=1CIpzeNxIhU,Explains forward noising and reverse denoising in DDPMs U-Net denoising architecture noise prediction loss CLIP text conditioning and how Stable Diffusion combines diffusion with latent space compression for high-quality image generation.,DS
222,Prompt Engineering for LLMs and Image Models,Generative AI,Prompt Engineering,Medium,42,https://www.youtube.com/watch?v=_ZvnD73m40o,Covers zero-shot one-shot few-shot chain-of-thought ReAct and self-consistency prompting for LLMs. Explains system prompt design structured output prompting and negative prompting for Stable Diffusion image generation.,DS
223,Retrieval Augmented Generation (RAG),Generative AI,RAG,Hard,58,https://www.youtube.com/watch?v=T-D1OfcDW1M,Explains RAG architecture with document chunking embedding models vector databases FAISS Chroma retrieval mechanisms and LLM generation. Builds QA systems over private knowledge bases with LangChain and evaluates with RAGAS.,DS
224,Building LLM Applications with LangChain,Generative AI,LLM Applications,Medium,52,https://www.youtube.com/watch?v=aywZrzNaKjs,Introduces LangChain framework for building LLM-powered applications. Covers chains agents tools memory retrieval and output parsers. Builds practical chatbots document QA systems and autonomous agents using OpenAI and open-source LLMs.,DS
225,Fine-Tuning LLMs with LoRA and PEFT,Generative AI,LLM Fine-Tuning,Hard,62,https://www.youtube.com/watch?v=eC6Hd1hFvos,Covers supervised fine-tuning LLMs on domain-specific data parameter-efficient fine-tuning with LoRA QLoRA and the HuggingFace PEFT library. Fine-tunes LLaMA and Mistral models with 4-bit quantization on consumer hardware.,DS
226,MLOps Introduction - ML in Production Lifecycle,MLOps,MLOps Basics,Easy,38,https://www.youtube.com/watch?v=NgWujOrCZFo,Introduces MLOps as intersection of ML DevOps and data engineering. Covers the ML production lifecycle challenges of deploying models at scale data versioning model registry CI/CD for ML and the MLOps maturity model.,DS
227,Experiment Tracking with MLflow and Weights and Biases,MLOps,Experiment Tracking,Medium,45,https://www.youtube.com/watch?v=yzFo-9yAOps,Teaches tracking ML experiments with MLflow runs artifacts model registry and W&B sweeps. Covers logging hyperparameters metrics comparing runs and integrating tracking into PyTorch and scikit-learn training scripts.,DS
228,Model Serving with FastAPI and Docker,MLOps,Model Deployment,Medium,55,https://www.youtube.com/watch?v=h5wLuVDr0oc,Builds ML model serving REST API with FastAPI covering request validation async endpoints and containerisation with Docker. Covers model serialisation pickle ONNX batch vs real-time inference and deployment to cloud platforms.,DS
229,Data and Model Versioning with DVC,MLOps,Data Versioning,Medium,42,https://www.youtube.com/watch?v=kLKBcPonMYw,Introduces DVC for versioning large datasets and ML models alongside code. Covers DVC pipelines remote storage S3 GCS stage caching pipeline reproduction and integrating DVC with Git for end-to-end ML reproducibility.,DS
230,ML Pipelines and Workflow Orchestration with Airflow,MLOps,Pipeline Orchestration,Hard,60,https://www.youtube.com/watch?v=2v9AKewyUEo,Covers orchestrating ML workflows with Apache Airflow DAGs tasks dependencies and sensors. Explains pipeline components feature engineering training retraining triggers and automating the full ML lifecycle in production.,DS
231,Model Monitoring Drift Detection and Retraining,MLOps,Model Monitoring,Hard,50,https://www.youtube.com/watch?v=8-rle3PoiE4,Covers monitoring ML models in production for data drift concept drift feature drift and performance degradation. Uses Evidently AI for drift detection explains PSI KS-test monitoring dashboards alerting and automated retraining pipelines.,DS
